<?xml version="1.0" encoding="UTF-8"?>
<beans xmlns="http://www.springframework.org/schema/beans"
xmlns:xsi="http://www.w3.org/2001/XMLSchema-instance"
xsi:schemaLocation="http://www.springframework.org/schema/beans
http://www.springframework.org/schema/beans/spring-beans-2.5.xsd">



<bean id="dataSource" class="org.springframework.jdbc.datasource.DriverManagerDataSource">
<property name="driverClassName" value="com.mysql.jdbc.Driver"></property>
<property name="url" value="jdbc:mysql://localhost/siteforge2"></property>
<property name="username" value="root"></property>
<property name="password" value="root"></property>
</bean>


<bean id="sessionFactory" class="org.springframework.orm.hibernate3.annotation.AnnotationSessionFactoryBean">
	<property name="dataSource" ref="dataSource"></property>
	<property name="annotatedClasses"><list><value>com.inn.model.Voter</value><value>com.inn.model.Motion</value></list></property>
	<property name="hibernateProperties"><props>
	<prop key="hibernate.dialect">org.hibernate.dialect.MySQLDialect</prop>
	<prop key="hibernate.hbm2ddl.auto">update</prop>
	<prop key="hibernate.show_sql">false</prop>
	</props>
	</property>
	
</bean>

<bean id="motionService" class="com.inn.service.MotionServiceImpl">
	<property name="motionDao" ref="motionDao"></property>
</bean>

<bean id="motionDao" class="com.inn.dao.MotionDaoImpl">
<property name="sessionFactory" ref="sessionFactory"></property>
</bean>

<bean id="voterService" class="com.inn.service.VoterServiceImpl">
	<property name="voterDao" ref="voterDao"></property>
</bean>

<bean id="voterDao" class="com.inn.dao.VoterDaoImpl">
	<property name="sessionFactory" ref="sessionFactory"></property>
</bean>

<bean id="restForVoterProject" class="com.inn.rest.RestForVoter">
	<property name="voterService" ref="voterService"></property>
	<property name="motionService" ref="motionService"></property>
</bean>

</beans>